test_variant,paying_users,retention_1_plus,retention_2_plus,retention_3_plus
Plans,251,0.20318725099601595,0.07569721115537849,0.02390438247011952
Standard,402,0.2263681592039801,0.11691542288557213,0.05970149253731343
