variant,total_users,paying_users,conversion_rate,total_net_revenue,ARPU,ARPPU
Standard,1544,405,0.2623056994818653,3804.53782709226,2.4640789035571635,9.39392056072163
Plans,1637,260,0.1588271227855834,3339.668073707559,2.040114889253243,12.844877206567535
